Sejmik ,Siedziba ,Liczba radnych 
Sejmik Województwa Dolnośląskiego ,Wrocław ,36
Sejmik Województwa Kujawsko-Pomorskiego ,Toruń ,30
Sejmik Województwa Lubelskiego ,Lublin ,33
Sejmik Województwa Lubuskiego ,Zielona Góra ,30
Sejmik Województwa Łódzkiego ,Łódź ,33
Sejmik Województwa Małopolskiego ,Kraków ,39
Sejmik Województwa Mazowieckiego ,Warszawa ,51
Sejmik Województwa Opolskiego ,Opole ,30
Sejmik Województwa Podkarpackiego ,Rzeszów ,33
Sejmik Województwa Podlaskiego ,Białystok ,30
Sejmik Województwa Pomorskiego ,Gdańsk ,33
Sejmik Województwa Śląskiego ,Katowice ,45
Sejmik Województwa Świętokrzyskiego ,Kielce ,30
Sejmik Województwa Warmińsko-Mazurskiego ,Olsztyn ,30
Sejmik Województwa Wielkopolskiego ,Poznań ,39
Sejmik Województwa Zachodniopomorskiego ,Szczecin ,30
