"Kod";"Nazwa";"produkt krajowy brutto ogółem;2014;[mln zł]";"produkt krajowy brutto ogółem;2015;[mln zł]";"produkt krajowy brutto ogółem;2016;[mln zł]";"produkt krajowy brutto ogółem;2017;[mln zł]";"produkt krajowy brutto ogółem;2018;[mln zł]";"produkt krajowy brutto ogółem;2019;[mln zł]";
0200000;"DOLNOŚLĄSKIE";144599;151724;156091;166114;175690;;
0400000;"KUJAWSKO-POMORSKIE";75756;79835;82515;87250;93294;;
0600000;"LUBELSKIE";67108;69076;71637;76402;79472;;
0800000;"LUBUSKIE";38425;39939;41496;43498;46145;;
1000000;"ŁÓDZKIE";104730;109557;112759;119506;126981;;
1200000;"MAŁOPOLSKIE";133114;142292;148446;160254;172708;;
1400000;"MAZOWIECKIE";378708;398254;413497;445620;477857;;
1600000;"OPOLSKIE";36275;37806;38410;40702;43353;;
1800000;"PODKARPACKIE";67209;70791;72853;76988;83062;;
2000000;"PODLASKIE";38738;39888;41040;44233;46860;;
2200000;"POMORSKIE";97345;103795;108588;116030;124953;;
2400000;"ŚLĄSKIE";212062;222770;229206;244133;260532;;
2600000;"ŚWIĘTOKRZYSKIE";41270;42784;43621;46299;49683;;
2800000;"WARMIŃSKO-MAZURSKIE";46195;48043;49865;52199;54524;;
3000000;"WIELKOPOLSKIE";165420;176550;183904;196895;208190;;
3200000;"ZACHODNIOPOMORSKIE";64291;68008;69559;73714;78252;;
